"breed_name","breed_rc"
"Aierdale Terrier","Airedale Terrier"
"Airedale","Airedale Terrier"
"American Bull Dog","American Bulldog"
"Bull Dog, American","American Bulldog"
"Amer.eskimo Dog","American Eskimo Dog"
"Am Staff Ter","American Staffordshire Terrier"
"Am Stafford Terrier","American Staffordshire Terrier"
"Am Staffordshire Terr","American Staffordshire Terrier"
"American Staffordshie","American Staffordshire Terrier"
"Maerican Staffordshire","American Staffordshire Terrier"
"Stafford Shire","American Staffordshire Terrier"
"Staffordshire Terrier","American Staffordshire Terrier"
"Aus.cattledog","Australian Cattle Dog"
"Aussie Cattle Dog Heeler","Australian Cattle Dog"
"Aust Cttle Dg","Australian Cattle Dog"
"Aust Heller","Australian Cattle Dog"
"Aust.cattle Dog","Australian Cattle Dog"
"Australian Cattledog","Australian Cattle Dog"
"Blue Heeler","Australian Cattle Dog"
"Cattle Dog","Australian Cattle Dog"
"Cattle Dog - Blue Healer","Australian Cattle Dog"
"Cattledog","Australian Cattle Dog"
"Aust Shepherd","Australian Shepherd"
"Aust.shepherd","Australian Shepherd"
"Australian Shep","Australian Shepherd"
"Australian Shepard","Australian Shepherd"
"Bassett Hound","Basset Hound"
"Collie, Bearded","Bearded Collie"
"Berger Pichard","Berger Picard"
"Bernses Mount Dog","Bernese Mountain Dog"
"Bichon","Bichon Frise"
"Bichon-Poo","Bichon Poo"
"Biewer Terr","Biewer Terrier"
"Coonhound, Black And Tan","Black And Tan Coonhound"
"Blackmouthcur","Black Mouth Cur"
"Coonhound, Blue Tick","Bluetick Coonhound"
"Collie, Border","Border Collie"
"Russian Wolfhound","Borzoi"
"Boston Terr","Boston Terrier"
"Brittany Span","Brittany"
"Brittany Spaniel","Brittany"
"Bruss Griffon","Brussels Griffon"
"Brussel Griffon","Brussels Griffon"
"English Bull Terrier","Bull Terrier"
"Bull Dog","Bulldog"
"Bull Dog, English","Bulldog"
"Bull Mastiff","Bullmastiff"
"Mastiff, Bull","Bullmastiff"
"Canaan","Canaan Dog"
"Welsh Corgi, Cardigan","Cardigan Welsh Corgi"
"Carolina","Carolina Dog"
"Caroline Dog","Carolina Dog"
"Catahoula","Catahoula Leopard Dog"
"Catahoula Leopard","Catahoula Leopard Dog"
"Catahoula Leopard Cur","Catahoula Leopard Dog"
"Louisiana Catahoula Leopard","Catahoula Leopard Dog"
"Cavashon","Cavachon"
"Cav Kc","Cavalier King Charles Spaniel"
"Cav King C.span","Cavalier King Charles Spaniel"
"Cav King Ch Sp","Cavalier King Charles Spaniel"
"Cavalier","Cavalier King Charles Spaniel"
"Cava Poo","Cavapoo"
"Cava-Poo","Cavapoo"
"Chih","Chihuahua"
"Chihuahua Short Coat","Chihuahua"
"Lg Hr Chihuahua","Chihuahua"
"Long Hair Chihuahua","Chihuahua"
"Long Haired Chihuahua","Chihuahua"
"Shar Pei","Chinese Shar-Pei"
"Shar-Pei","Chinese Shar-Pei"
"Shar-Pei, Chinese","Chinese Shar-Pei"
"Chi Wee Nie","Chiweenie"
"Chow","Chow Chow"
"Mixed Chow","Chow Chow Crossbreed"
"Cirneco Dell","Cirneco Dell'Etna"
"Coca-Poo","Cockapoo"
"Cock A Poo","Cockapoo"
"Cock-A-Poo","Cockapoo"
"Cocka Poo","Cockapoo"
"Cocka-Poo","Cockapoo"
"Cocker Poo","Cockapoo"
"Cocker-Poo","Cockapoo"
"Cockerpoo","Cockapoo"
"Cocoer-Poo","Cockapoo"
"Coockapoo","Cockapoo"
"Coocker-Poo","Cockapoo"
"Collie, Rough Coat","Collie"
"Collie, Smooth Coat","Collie"
"Corg","Corgi"
"Welsh Corgi","Corgi"
"Coton","Coton De Tulear"
"Cotton De Tulear","Coton De Tulear"
"Malagasssy Coton Du Tulear","Coton De Tulear"
"Dach","Dachshund"
"Dachshund Smooth Coat","Dachshund"
"Dachshund Smooth Coat Miniature","Dachshund"
"Dachshund, Long Haired","Dachshund"
"Dachshund, Long Haired Miniature","Dachshund"
"Dachshund, Miniature","Dachshund"
"Dachshund, Wirehaired","Dachshund"
"Dachshund, Wirehaired, Miniature","Dachshund"
"Dachsund","Dachshund"
"Doxie","Dachshund"
"Mini Dachshund","Dachshund"
"Miniature Dachshund","Dachshund"
"Miniature Dacshund","Dachshund"
"Doberman","Doberman Pinscher"
"Mastiff, French (Dogue De Bordeaux)","Dogue De Bordeaux"
"Eng Cocker Spaniel","English Cocker Spaniel"
"Eng Setter","English Setter"
"Eng Springer Spaniel","English Springer Spaniel"
"Springer Spaniel","English Springer Spaniel"
"Formosan Mountain","Formosan Mountain Dog"
"Taiwan Mountain","Formosan Mountain Dog"
"Taiwan Mountain Dog","Formosan Mountain Dog"
"Bull Dog, French","French Bulldog"
"Frenchie","French Bulldog"
"German Shepherd Dog","German Shepherd"
"Pointer, German Shorthaired","German Shorthaired Pointer"
"Pointer, German Wirehaired","German Wirehaired Pointer"
"Schnauzer, Giant","Giant Schnauzer"
"Golden Retiever","Golden Retriever"
"Part Golden Retriever","Golden Retriever Crossbreed"
"English Golden Doodle","Goldendoodle"
"Golden Doodle","Goldendoodle"
"Goldendoddle","Goldendoodle"
"Goldendoodle Miniature","Goldendoodle"
"Goldendoole","Goldendoodle"
"Mini Golden Doodle","Goldendoodle"
"Tiny Goldendoodle","Goldendoodle"
"Great Swiss Mountain Dog","Greater Swiss Mountain Dog"
"Hava Poo","Havapoo"
"Mix Hound","Hound Crossbreed"
"Mixed Hound","Hound Crossbreed"
"Ital Greyhound","Italian Greyhound"
"Jack Russ","Jack Russell Terrier"
"Jack Russ Terr","Jack Russell Terrier"
"Jack Russ Terri","Jack Russell Terrier"
"Jack Russel Terrier","Jack Russell Terrier"
"Jack Russell","Jack Russell Terrier"
"Jack Russell Terr","Jack Russell Terrier"
"Russel","Jack Russell Terrier"
"Japanese Chin/Spaniel","Japanese Chin"
"Jindo Dog, Korea","Jindo"
"Australian Labradoodle","Labradoodle"
"Labra Doodle","Labradoodle"
"Labradoodle Mini","Labradoodle"
"Mini Labra-Doodle","Labradoodle"
"Mini Labradoodle","Labradoodle"
"Black Lab","Labrador Retriever"
"British Lab","Labrador Retriever"
"Chocolate Labrador Retriever","Labrador Retriever"
"Lab","Labrador Retriever"
"Lab Retriever","Labrador Retriever"
"Labrador","Labrador Retriever"
"Labrador Retrieve","Labrador Retriever"
"Yellow Lab","Labrador Retriever"
"Yellow Labrador","Labrador Retriever"
"Mostly Labrador Retriever","Labrador Retriever Crossbreed"
"Lakelandterrier","Lakeland Terrier"
"Laasa Apso","Lhasa Apso"
"Lhasa","Lhasa Apso"
"Lhaso Apso","Lhasa Apso"
"Lhasa Apso Miix","Lhasa Apso Crossbreed"
"Lhasa-Poo","Lhasa Poo"
"Malt","Maltese"
"Teacup Maltese","Maltese"
"Toy Maltese","Maltese"
"Malt - Poo","Maltipoo"
"Maltapoo","Maltipoo"
"Malte-Poo","Maltipoo"
"Maltepoo","Maltipoo"
"Malti Poo","Maltipoo"
"Malti-Poo","Maltipoo"
"Maltpoo","Maltipoo"
"Matipoo","Maltipoo"
"English Mastiff","Mastiff"
"Mastiff, Old English","Mastiff"
"Mini Aust Shep","Miniature Australian Shepherd"
"Mini Aust.shepherd","Miniature Australian Shepherd"
"Mini Australian Shepherd","Miniature Australian Shepherd"
"Mini Bull Terrier","Miniature Bull Terrier"
"German Pinscher, Miniature","Miniature Pinscher"
"Mini Pin","Miniature Pinscher"
"Mini Pinscher","Miniature Pinscher"
"Miniature Pin","Miniature Pinscher"
"Miniature Pincher","Miniature Pinscher"
"Schnauzer, Miniature","Miniature Schnauzer"
"Cross Breed","Mixed Breed"
"Crossbreed","Mixed Breed"
"Mix","Mixed Breed"
"Mix Breed","Mixed Breed"
"Mixed","Mixed Breed"
"Mixed / ?","Mixed Breed"
"Multi","Mixed Breed"
"Mutt","Mixed Breed"
"Unknown Mix","Mixed Breed"
"Unknown/Cross","Mixed Breed"
"Morky","Morkie"
"Mastiff, Neapolitan","Neapolitan Mastiff"
"Breed Information Not Provided.","Not Provided"
"Nova Scotia Toller","Nova Scotia Duck Tolling Retriever"
"Olde English Bull Dog","Olde English Bulldogge"
"Ori-Pei","Ori Pei"
"Papillion","Papillon"
"Parson Russell Terr","Parson Russell Terrier"
"Parsons Russell Terrier","Parson Russell Terrier"
"Peak-A-Poo","Peekapoo"
"Peakapoo","Peekapoo"
"Peek -A-Poo","Peekapoo"
"Peek-A-Poo","Peekapoo"
"Peka-Poo","Peekapoo"
"Pekapoo","Peekapoo"
"Peke A Ppp","Peekapoo"
"Peke-A-Poo","Peekapoo"
"Pekopoo","Peekapoo"
"Pek-A-Tese","Peke-A-Tese"
"Welsh Corgi, Pembroke","Pembroke Welsh Corgi"
"Presa Canario","Perro De Presa Canario"
"Pharoh Hound","Pharaoh Hound"
"Am Pit Bull","Pit Bull"
"Am Pit Bull Terrier","Pit Bull"
"Amer Pit Bull Terr","Pit Bull"
"American Pit Bull","Pit Bull"
"American Pit Bull Terrier/Pit Bull","Pit Bull"
"Bl Nose Pit Bull","Pit Bull"
"Bl Ns Pit Bull","Pit Bull"
"Blue Nose Pit Bull","Pit Bull"
"Blue Nose Pit Bull Terr","Pit Bull"
"Blue Nose Pitbull","Pit Bull"
"Brindle Pit Bull","Pit Bull"
"Pit","Pit Bull"
"Pit Bull Terr","Pit Bull"
"Pit Bull Terrier","Pit Bull"
"Pitbull","Pit Bull"
"Red Nose Pit Bull","Pit Bull"
"Red Nose Pit Bull Terrier","Pit Bull"
"Red Pit","Pit Bull"
"American Pit Bull Mix / Pit Bull Mix","Pit Bull Crossbreed"
"Blue Nose Pit Bull /American Pit Bull Mix","Pit Bull Crossbreed"
"Engish Pointer","Pointer"
"English Pointer","Pointer"
"Poemranan","Pomeranian"
"Pomerian","Pomeranian"
"Poo-Chon","Poochon"
"French Poodle","Poodle"
"Mini Poodle","Poodle"
"Poodle, Miniature","Poodle"
"Poodle, Standard","Poodle"
"Poodle, Toy","Poodle"
"Red Poodle","Poodle"
"Standard Poodle","Poodle"
"Tea Cup Poodle","Poodle"
"Teacup Poodle","Poodle"
"Toy Poodle","Poodle"
"Mix Poodle","Poodle Crossbreed"
"Podenao Port","Portuguese Podengo Pequeno"
"Podengo Pequeno","Portuguese Podengo Pequeno"
"Portugese W.dog","Portuguese Water Dog"
"Puggle (Pug Mix)","Puggle"
"Hungarian Puli","Puli"
"Rat Terr","Rat Terrier"
"Coonhound, Redbone","Redbone Coonhound"
"Red Bone Coon Hound","Redbone Coonhound"
"Retreiver","Retriever"
"Retriver","Retriever"
"Russkiy Toy Smoothhaired","Russian Toy"
"St. Bernard","Saint Bernard"
"Sapsal, Korea","Sapsali"
"Schipperkee","Schipperke"
"Schipperke Mix Rescue","Schipperke Crossbreed"
"Snoodle","Schnoodle"
"Shep","Shepherd"
"Shepard","Shepherd"
"Shepherd Mis","Shepherd Crossbreed"
"Blue Merle Sheltie","Shetland Sheepdog"
"Sheltie","Shetland Sheepdog"
"Shicon","Shichon"
"Shih Chon","Shichon"
"Shihchon","Shichon"
"Shi-Poo","Shih Poo"
"Shih-Poo","Shih Poo"
"Shihpoo","Shih Poo"
"Shihtzu-A-Poo","Shih Poo"
"Shih Tzo","Shih Tzu"
"Shih-Tzu","Shih Tzu"
"Shiht-Zu Imperial","Shih Tzu"
"Shit-Zu","Shih Tzu"
"Shitzu","Shih Tzu"
"Shoorkie","Shorkie"
"Shorkie Tzu","Shorkie"
"Shorkie-Tzu","Shorkie"
"Shorky","Shorkie"
"Husky","Siberian Husky"
"Australian Silky Terrier","Silky Terrier"
"Small Munsterlander","Small Munsterlander Pointer"
"Smooth Hair Fox Terrier","Smooth Fox Terrier"
"Irish Weaton","Soft Coated Wheaten Terrier"
"S.c.wheaten Ter","Soft Coated Wheaten Terrier"
"Soft Coat Weaton Terrier","Soft Coated Wheaten Terrier"
"Soft-Coat Weaton Terrier","Soft Coated Wheaten Terrier"
"Softc Wheat Ter","Soft Coated Wheaten Terrier"
"Wheaton","Soft Coated Wheaten Terrier"
"Wheaton Terrier","Soft Coated Wheaten Terrier"
"Spanish Wt.dog","Spanish Water Dog"
"Italian Spinone","Spinone Italiano"
"Spinone","Spinone Italiano"
"Schnauzer, Standard","Standard Schnauzer"
"Teddy-Bear","Teddy Bear"
"Terr","Terrier"
"Mix Terrier","Terrier Crossbreed"
"Mixed Terrier","Terrier Crossbreed"
"Mastiff, Tibetan","Tibetan Mastiff"
"Toy Aussie","Toy Australian Shepherd"
"Toy Austrialian Shepherd","Toy Australian Shepherd"
"Coonhound, Treeing Walker","Treeing Walker Coonhound"
"Walker Hound","Treeing Walker Coonhound"
"Breed ?","Unknown"
"Breed?","Unknown"
"No Idea","Unknown"
"Unknown (Stray)","Unknown"
"Unknown Breed?","Unknown"
"Viszla","Vizsla"
"W High Wt Terr","West Highland White Terrier"
"West High White Terrier","West Highland White Terrier"
"Westie","West Highland White Terrier"
"Westi-Poo","Westiepoo"
"Wire Fox Terr","Wire Fox Terrier"
"Yorki-Poo","Yorkie Poo"
"Yorki-Poodle","Yorkie Poo"
"Yorkidoodle","Yorkie Poo"
"Yorkie-Poo","Yorkie Poo"
"Yorkiepoo","Yorkie Poo"
"Teacup Yorkshire Terrier","Yorkshire Terrier"
"Yorkie","Yorkshire Terrier"
"Yorkie Terr","Yorkshire Terrier"
"Yorkie Terrier","Yorkshire Terrier"
"Yorkshire","Yorkshire Terrier"
"Yorkshire Terr","Yorkshire Terrier"
"Yorkshire Terr.","Yorkshire Terrier"
"Yorkshire Terri","Yorkshire Terrier"
"Yorkshire Terrier Toy","Yorkshire Terrier"
"Yorky","Yorkshire Terrier"
